crm$addressid,countries$countryid
84161018038972955,82753643152943599
84161018038896710,82753643152955699
84161018038369011,82753643152942626
84161018038552633,82753643152959747
84161018038539498,82753643152959747
84161018038560801,82753643152963005
84161018038330059,82753643152935714
84161018038493011,82753643152942626
84161018038382825,82753643152942626
84161018038371734,82753643152953067
84161018038406261,82753643152946958
84161018038887636,82753643152934781
84161018038364350,82753643152935714
84161018038337251,82753643152953067
84161018038489477,82753643152935714
84161018036724011,82753643152958165
84161018038327875,82753643152935714
84161018038479624,82753643152942626
84161018038327679,82753643152935714
84161018038485070,82753643152943967
84161018038327388,82753643152935714
84161018038534688,82753643152942626
84161018038452957,82753643152959747
84161018038361742,82753643152943599
84161018038386660,82753643152940691
84161018038350480,82753643152943599
84161018038410296,82753643152959747
84161018038485169,82753643152946563
84161018037953626,82753643152935714
84161018038894912,82753643152960940
84161018038919297,82753643152953067
84161018038410100,82753643152942626
84161018038454958,82753643152946958
84161018038489114,82753643152942626
84161018038294964,82753643152935714
84161018038295154,82753643152959747
84161018038294714,82753643152935714
84161018038489376,82753643152942626
84161018038476921,82753643152955699
84161018038093207,82753643152935714
84161018038298176,82753643152935714
84161018038918985,82753643152935714
84161018038299731,82753643152935714
84161018038973080,82753643152943599
84161018038328471,82753643152942626
84161018038093333,82753643152962842
84161018038486581,82753643152940662
84161018038477825,82753643152943599
84161018038478989,82753643152959747
84161018038330890,82753643152942626
84161018038919711,82753643152946563
84161018038339066,82753643152934855
84161018038943813,82753643152942626
84161018038397130,82753643152953067
84161018038449190,82753643152946958
84161018038500943,82753643152953067
84161018038543994,82753643152953067
84161018038392530,82753643152960536
84161018038092958,82753643152935714
84161018038490341,82753643152946958
84161018038499615,82753643152953067
84161018038919186,82753643152963074
84161018038949879,82753643152942626
84161018037904078,82753643152935714
84161018038542727,82753643152935714
84161018038340203,82753643152934855
84161018038358596,82753643152935714
84161018038367616,82753643152956204
84161018038402779,82753643152946958
84161018038331308,82753643152942626
84161018038949983,82753643152942626
84161018038471645,82753643152943599
84161018038950068,82753643152942626
84161018037903731,82753643152935714
84161018038340089,82753643152934855
84161018038399915,82753643152946958
84161018036724197,82753643152946958
84161018038489006,82753643152940662
84161018038521664,82753643152960536
84161018038473317,82753643152949385
84161018038583455,82753643152947300
84161018038451082,82753643152962842
84161018038339073,82753643152934855
84161018038551023,82753643152943599
84161018038405267,82753643152959747
84161018038511024,82753643152935714
84161018038950190,82753643152942626
84161018038534279,82753643152953067
84161018038388543,82753643152943599
84161018038539375,82753643152946958
84161018038339541,82753643152934855
84161018038950357,82753643152942626
84161018038512055,82753643152942626
84161018038486496,82753643152963074
84161018038878604,82753643152953067
84161018038297355,82753643152935714
84161018038093770,82753643152935714
84161018038989028,82753643152962842
84161018038093889,82753643152962842
84161018038486713,82753643152935714
84161018038483914,82753643152959747
84161018038447116,82753643152942626
84161018038403384,82753643152935714
84161018038562548,82753643152934781
84161018038562770,82753643152934781
84161018038379250,82753643152934855
84161018038360310,82753643152943599
84161018038454247,82753643152959747
84161018038374398,82753643152946958
84161018038481770,82753643152945860
84161018038549495,82753643152959747
84161018038381341,82753643152960536
84161018038483582,82753643152953067
84161018038494824,82753643152959747
84161018038383735,82753643152943599
84161018038081864,82753643152935714
84161018038512638,82753643152953067
84161018038542349,82753643152955699
84161018039032094,82753643152960536
84161018038401038,82753643152942626
84161018038954520,82753643152934855
84161018038566360,82753643152938708
84161018038477332,82753643152959747
84161018038339705,82753643152934855
84161018038449874,82753643152935714
84161018038342314,82753643152943599
84161018038482560,82753643152943599
84161018038094831,82753643152935714
84161018038569162,82753643152934781
84161018038094881,82753643152962842
84161018038339775,82753643152934855
84161018038363889,82753643152943599
84161018038543292,82753643152946958
84161018038376046,82753643152958909
84161018038939106,82753643152935714
84161018038482305,82753643152934855
84161018038499016,82753643152955699
84161018038385546,82753643152959747
84161018038404824,82753643152943599
84161018038945311,82753643152946563
84161018038544523,82753643152946958
84161018038379293,82753643152934855
84161018038393545,82753643152934855
84161018038345914,82753643152943599
84161018038509756,82753643152942626
84161018038407435,82753643152960536
84161018038938850,82753643152946563
84161018038496443,82753643152946958
84161018038372897,82753643152955699
84161018038339379,82753643152934855
84161018038372177,82753643152955699
84161018038399040,82753643152942626
84161018038456690,82753643152935714
84161018038377335,82753643152953067
84161018038490950,82753643152953067
84161018038392689,82753643152960536
84161018038477018,82753643152955699
84161018038355700,82753643152935714
84161018038537926,82753643152953067
84161018038094251,82753643152935714
84161018038386850,82753643152953067
84161018038560611,82753643152958909
84161018038094350,82753643152962842
84161018038362146,82753643152943599
84161018038560463,82753643152940662
84161018038931132,82753643152946563
84161018038368715,82753643152942626
84161018038479898,82753643152935714
84161018038344956,82753643152943599
84161018038399691,82753643152937470
84161018038397761,82753643152942626
84161018038344059,82753643152943599
84161018038343084,82753643152943599
84161018038350085,82753643152943599
84161018038472624,82753643152953067
84161018038347720,82753643152943599
84161018038349030,82753643152943599
84161018038394184,82753643152943599
84161018038359841,82753643152943599
84161018038347834,82753643152943599
84161018038390543,82753643152942626
84161018038349286,82753643152943599
84161018038973231,82753643152943599
84161018038447772,82753643152953067
84161018038477253,82753643152934855
84161018038353984,82753643152942626
84161018038480297,82753643152942587
84161018038338481,82753643152935714
84161018038345035,82753643152943599
84161018038550449,82753643152942626
84161018038328996,82753643152942626
84161018038358113,82753643152942626
84161018037419936,82753643152935714
84161018038354568,82753643152958909
84161018038385323,82753643152959747
84161018038402404,82753643152935714
84161018038553591,82753643152946958
84161018038491654,82753643152942626
84161018038092779,82753643152935714
84161018038350628,82753643152942626
84161018038973330,82753643152943599
84161018038410435,82753643152959747
84161018038420289,82753643152943599
84161018038560925,82753643152943599
84161018038375663,82753643152959747
84161018038535452,82753643152942626
84161018038973556,82753643152943599
84161018038340289,82753643152934855
84161018038499425,82753643152946958
84161018038452443,82753643152946958
84161018038973610,82753643152943599
84161018038552081,82753643152946958
84161018039017117,82753643152960536
84161018038410597,82753643152942626
84161018038403544,82753643152946958
84161018038500501,82753643152959747
84161018038448299,82753643152943599
84161018038354078,82753643152940662
84161018038397838,82753643152935714
84161018038478817,82753643152943599
84161018038939606,82753643152942626
84161018038543170,82753643152946958
84161018038511563,82753643152946958
84161018038537732,82753643152946958
84161018038495635,82753643152940662
84161018038233578,82753643152935714
84161018038541803,82753643152942626
84161018038510800,82753643152935714
84161018038493763,82753643152953067
84161018038388398,82753643152943599
84161018038373258,82753643152943599
84161018039001888,82753643152943599
84161018038233718,82753643152946958
84161018038398546,82753643152946958
84161018038289064,82753643152935714
84161018038453408,82753643152946958
84161018038487280,82753643152960536
84161018038479297,82753643152956204
84161018038496714,82753643152958909
84161018038368587,82753643152953067
84161018038369313,82753643152953067
84161018038553055,82753643152946958
84161018038474846,82753643152934855
84161018038493944,82753643152946958
84161018038327475,82753643152942626
84161018038401351,82753643152946958
84161018038938961,82753643152935714
84161018038477166,82753643152953067
84161018038547155,82753643152945860
84161018038357202,82753643152953067
84161018038474671,82753643152934855
84161018038367941,82753643152942626
84161018038368354,82753643152940662
84161018038393707,82753643152934855
84161018038500634,82753643152946958
84161018038449008,82753643152955699
84161018038446542,82753643152960536
84161018038374103,82753643152935714
84161018038404610,82753643152940662
84161018038336713,82753643152953067
84161018038222432,82753643152935714
84161018038354498,82753643152935714
84161018038373691,82753643152940662
84161018038498766,82753643152947656
84161018038406274,82753643152946958
84161018038363685,82753643152943599
84161018038887007,82753643152946958
84161018038539820,82753643152946958
84161018038455533,82753643152943599
84161018038329839,82753643152942626
84161018038370153,82753643152935714
84161018038539173,82753643152943599
84161018038381160,82753643152960536
84161018038939180,82753643152953067
84161018038541151,82753643152946958
84161018037420091,82753643152946958
84161018038489933,82753643152934855
84161018038364786,82753643152935714
84161018038491851,82753643152956204
84161018038793340,82753643152938708
84161018038891217,82753643152946958
84161018038931355,82753643152955699
84161018038478589,82753643152934855
84161018038494351,82753643152946958
84161018038370185,82753643152935714
84161018038359249,82753643152935714
84161018038510607,82753643152953067
84161018038387326,82753643152958909
84161018038511807,82753643152942626
84161018038448255,82753643152943599
84161018038358330,82753643152935714
84161018038485684,82753643152946958
84161018038366738,82753643152935714
84161018038399318,82753643152942626
84161018038449643,82753643152946958
84161018038402857,82753643152955699
84161018038405183,82753643152955699
84161018038395761,82753643152943599
84161018038397966,82753643152940691
84161018038370481,82753643152946563
84161018038358461,82753643152935714
84161018038481142,82753643152946958
84161018038384882,82753643152943599
84161018038333302,82753643152953067
84161018038342857,82753643152943599
84161018038484447,82753643152946958
84161018038392995,82753643152960536
84161018038395244,82753643152943599
84161018038491954,82753643152942626
84161018038508926,82753643152934855
84161018038395970,82753643152935714
84161018038377961,82753643152945860
84161018038447490,82753643152946958
84161018038347566,82753643152943599
84161018038360827,82753643152943599
84161018038477561,82753643152946958
84161018038510035,82753643152946958
84161018038541474,82753643152958909
84161018038396817,82753643152942626
84161018038447395,82753643152955699
84161018038492131,82753643152942626
84161018038364031,82753643152943599
84161018038541419,82753643152937470
84161018038549186,82753643152935714
84161018038542551,82753643152955645
84161018038372745,82753643152955699
84161018038472895,82753643152959747
84161018038485547,82753643152946958
84161018038383979,82753643152943599
84161018038472819,82753643152959747
84161018038389474,82753643152943599
84161018038402127,82753643152942626
84161018038475544,82753643152946958
84161018038360591,82753643152943599
84161018038445526,82753643152940691
84161018038401695,82753643152935714
84161018038389356,82753643152943599
84161018038550301,82753643152943599
84161018038333400,82753643152953067
84161018038550207,82753643152942626
84161018038919838,82753643152943599
84161018038494937,82753643152953067
84161018038367242,82753643152942626
84161018038345092,82753643152943599
84161018038482436,82753643152959747
84161018038383427,82753643152943599
84161018038448114,82753643152943599
84161018038370605,82753643152943599
84161018038542640,82753643152959747
84161018038348347,82753643152943599
84161018038456518,82753643152935714
84161018038349513,82753643152943599
84161018038549911,82753643152943599
84161018038551637,82753643152943599
84161018038346507,82753643152943599
84161018038383548,82753643152943599
84161018038475736,82753643152942626
84161018038551125,82753643152960536
84161018038385739,82753643152940691
84161018038457308,82753643152935714
84161018038366388,82753643152935714
84161018038973833,82753643152953067
84161018038552772,82753643152959747
84161018038475098,82753643152955699
84161018038872223,82753643152954180
84161018038455122,82753643152960536
84161018038907468,82753643152953067
84161018038361573,82753643152943599
84161018038402211,82753643152935714
84161018038471176,82753643152934855
84161018038405393,82753643152945860
84161018038493147,82753643152942626
84161018038499120,82753643152953067
84161018038548798,82753643152946958
84161018038373029,82753643152942626
84161018038397351,82753643152955645
84161018038499222,82753643152955699
84161018038870765,82753643152945602
84161018038406449,82753643152940662
84161018038576231,82753643152942626
84161018038944099,82753643152963074
84161018038497718,82753643152942626
84161018038341705,82753643152943599
84161018038407972,82753643152960536
84161018038538438,82753643152946958
84161018038510171,82753643152945860
84161018038344808,82753643152943599
84161018038358957,82753643152935714
84161018038328753,82753643152942626
84161018038373183,82753643152942626
84161018038301717,82753643152935714
84161018038536481,82753643152953067
84161018038475839,82753643152949772
84161018038453015,82753643152963074
84161018038458327,82753643152955699
84161018038542201,82753643152940662
84161018038944135,82753643152963074
84161018038451045,82753643152946958
84161018038487448,82753643152935714
84161018038536859,82753643152963074
84161018038450846,82753643152945860
84161018038919611,82753643152963074
84161018038944302,82753643152963074
84161018038472254,82753643152959747
84161018038451715,82753643152934855
84161018038548524,82753643152946958
84161018038366645,82753643152963074
84161018038459630,82753643152946958
84161018038479385,82753643152956204
84161018038480155,82753643152935714
84161018038551209,82753643152959033
84161018038446799,82753643152960536
84161018038539729,82753643152942626
84161018038944510,82753643152963074
84161018038872151,82753643152954180
84161018038355884,82753643152955645
84161018038576658,82753643152935714
84161018038534587,82753643152934855
84161018038871310,82753643152934781
84161018038871790,82753643152953265
84161018038488159,82753643152942283
84161018038362399,82753643152943599
84161018038376427,82753643152958909
84161018038366854,82753643152943599
84161018038377775,82753643152953067
84161018038944573,82753643152963074
84161018038328284,82753643152942626
84161018038895399,82753643152942626
84161018038400007,82753643152958909
84161018038368794,82753643152942626
84161018038448586,82753643152935714
84161018038404948,82753643152958909
84161018038459944,82753643152959747
84161018038393468,82753643152960536
84161018038390814,82753643152942626
84161018038944695,82753643152963074
84161018038552450,82753643152959747
84161018038450722,82753643152935714
84161018038377010,82753643152945860
84161018038500284,82753643152942626
84161018038402511,82753643152940662
84161018038378338,82753643152940107
84161018038408324,82753643152960536
84161018038476336,82753643152943447
84161018038350290,82753643152943599
84161018038457085,82753643152935714
84161018038476650,82753643152946958
84161018038349853,82753643152943599
84161018038386098,82753643152945860
84161018038408133,82753643152960536
84161018038899324,82753643152946958
84161018038349972,82753643152943599
84161018038374818,82753643152946958
84161018038404093,82753643152953067
84161018038459086,82753643152955699
84161018038542227,82753643152956204
84161018038510506,82753643152960536
84161018038454389,82753643152959747
84161018038511662,82753643152935714
84161018038401256,82753643152942626
84161018038342521,82753643152943599
84161018038406124,82753643152956204
84161018038481860,82753643152953067
84161018038409882,82753643152935714
84161018038536752,82753643152943599
84161018038392206,82753643152960536
84161018038576010,82753643152943599
84161018038449477,82753643152942626
84161018038390296,82753643152946958
84161018038386332,82753643152945860
84161018038349771,82753643152943599
84161018038331210,82753643152942626
84161018038453841,82753643152943599
84161018038448448,82753643152935714
84161018038561198,82753643152964092
84161018038391231,82753643152942626
84161018038347026,82753643152943599
84161018038382334,82753643152960536
84161018038562175,82753643152955355
84161018038562620,82753643152934781
84161018038320097,82753643152935714
84161018038394458,82753643152943599
84161018038361411,82753643152943599
84161018038562945,82753643152934781
84161018038387348,82753643152958909
84161018038499558,82753643152953067
84161018038405102,82753643152942626
84161018038391482,82753643152935714
84161018038392077,82753643152960536
84161018038408826,82753643152960536
84161018038388633,82753643152943599
84161018038563178,82753643152934781
84161018038564069,82753643152936977
84161018038477653,82753643152953067
84161018038564147,82753643152935431
84161018038331621,82753643152960536
84161018038094009,82753643152935714
84161018038564467,82753643152945686
84161018038475240,82753643152953067
84161018038094170,82753643152962842
84161018038404315,82753643152942626
84161018038548156,82753643152956204
84161018038449037,82753643152955699
84161018038394293,82753643152943599
84161018038356359,82753643152953067
84161018038446321,82753643152943599
84161018038564567,82753643152958511
84161018038361886,82753643152943599
84161018038564695,82753643152939235
84161018038081720,82753643152935714
84161018038381585,82753643152960536
84161018038483702,82753643152935714
84161018038493956,82753643152942626
84161018038500363,82753643152942626
84161018038352043,82753643152942626
84161018038360424,82753643152943599
84161018038541603,82753643152940662
84161018038931462,82753643152963074
84161018038352858,82753643152935714
84161018038491101,82753643152942626
84161018038372306,82753643152955699
84161018038385006,82753643152943599
84161018038348807,82753643152943599
84161018038512508,82753643152946958
84161018038398604,82753643152955699
84161018038931971,82753643152963074
84161018038376617,82753643152958909
84161018038487556,82753643152940691
84161018038560044,82753643152943599
84161018038092878,82753643152962842
84161018038376740,82753643152956204
84161018038409004,82753643152943599
84161018038395071,82753643152943599
84161018038384022,82753643152943599
84161018038348721,82753643152943599
84161018038346035,82753643152943599
84161018038350416,82753643152943599
84161018038370778,82753643152943599
84161018038389140,82753643152943599
84161018038359609,82753643152943599
84161018038398236,82753643152946958
84161018038355313,82753643152935714
84161018038380546,82753643152935714
84161018038233340,82753643152935714
84161018038379099,82753643152935714
84161018038918389,82753643152960536
84161018038082017,82753643152935714
84161018038342688,82753643152943599
84161018038473359,82753643152963074
84161018038352767,82753643152955645
84161018038082115,82753643152958165
84161018038378036,82753643152935714
84161018038447052,82753643152955699
84161018038233350,82753643152946958
84161018038453906,82753643152943599
84161018037420261,82753643152935714
84161018038496539,82753643152935714
84161018037420405,82753643152946958
84161018038538259,82753643152935714
84161018038455700,82753643152943599
84161018038406925,82753643152933353
84161018038361134,82753643152943599
84161018038974012,82753643152946958
84161018038419635,82753643152946958
84161018038320244,82753643152946563
84161018038453672,82753643152943599
84161018038399461,82753643152942626
84161018038543001,82753643152953067
84161018036723850,82753643152946958
84161018038093170,82753643152962842
84161018038918514,82753643152960536
84161018038377495,82753643152959747
84161018038453358,82753643152935714
84161018038974205,82753643152946958
84161018038386980,82753643152943599
84161018039017279,82753643152960536
84161018038873060,82753643152934781
84161018038387971,82753643152949607
84161018038536689,82753643152935714
84161018038454844,82753643152959747
84161018038289240,82753643152963074
84161018038393319,82753643152960536
84161018038493501,82753643152955699
84161018038493621,82753643152942626
84161018038376906,82753643152942587
84161018039017460,82753643152960536
84161018038870931,82753643152955355
84161018038509583,82753643152935714
84161018038355460,82753643152935714
84161018038871856,82753643152959747
84161018038552380,82753643152946958
84161018038947907,82753643152943599
84161018038512142,82753643152943967
84161018038491455,82753643152946958
84161018038459672,82753643152942626
84161018038365342,82753643152935714
84161018038509482,82753643152935714
84161018038329234,82753643152942626
84161018038511220,82753643152942626
84161018039031836,82753643152953067
84161018038356496,82753643152953067
84161018038540367,82753643152943599
84161018038897234,82753643152951422
84161018038222287,82753643152958165
84161018038377432,82753643152953067
84161018038488296,82753643152956204
84161018038544116,82753643152942626
84161018038478008,82753643152958909
84161018038487102,82753643152943967
84161018038386745,82753643152935714
84161018038420005,82753643152943599
84161018038407054,82753643152959747
84161018038353195,82753643152942626
84161018038497570,82753643152959747
84161018038375042,82753643152946958
84161018038381566,82753643152960536
84161018038891078,82753643152953067
84161018038454695,82753643152942626
84161018038871470,82753643152937824
84161018038334234,82753643152953067
84161018038445436,82753643152963074
84161018038452163,82753643152953067
84161018038453599,82753643152942626
84161018038509030,82753643152943599
84161018038409715,82753643152935714
84161018038939736,82753643152940691
84161018038455204,82753643152960536
84161018038453178,82753643152935714
84161018038378574,82753643152953067
84161018038339222,82753643152934855
84161018038472976,82753643152953067
84161018038398847,82753643152946958
84161018038554127,82753643152935714
84161018038382388,82753643152960536
84161018038939879,82753643152940691
84161018038406898,82753643152942626
84161018038495430,82753643152942626
84161018038335180,82753643152953067
84161018038939941,82753643152940691
84161018038371628,82753643152943599
84161018038373927,82753643152953067
84161018038535681,82753643152946958
84161018038373442,82753643152953067
84161018038338223,82753643152953067
84161018038345645,82753643152943599
84161018038409433,82753643152943599
84161018038447721,82753643152942626
84161018038476259,82753643152946958
84161018038338749,82753643152953067
84161018038874722,82753643152964092
84161018038940184,82753643152940691
84161018038483814,82753643152943599
84161018038940375,82753643152940691
84161018038452297,82753643152953067
84161018038336055,82753643152953067
84161018038478706,82753643152963074
84161018038872419,82753643152959747
84161018038343276,82753643152943599
84161018038484524,82753643152960536
84161018038562320,82753643152947300
84161018038940581,82753643152940691
84161018038509265,82753643152942626
84161018038473532,82753643152940662
84161018038401967,82753643152942626
84161018038564944,82753643152936977
84161018038944779,82753643152963074
84161018038553783,82753643152946958
84161018038497963,82753643152956204
84161018038944983,82753643152963074
84161018038329895,82753643152935714
84161018038391933,82753643152960536
84161018038541204,82753643152946958
84161018038945053,82753643152963074
84161018038499848,82753643152935714
84161018038365580,82753643152935714
84161018038497511,82753643152956204
84161018038945271,82753643152935714
84161018038333845,82753643152953067
84161018038344165,82753643152943599
84161018038374723,82753643152946958
84161018038539110,82753643152943599
84161018038379748,82753643152935714
84161018038451599,82753643152943599
84161018038455866,82753643152946958
84161018038380453,82753643152935714
84161018038550056,82753643152946958
84161018038355424,82753643152935714
84161018038470898,82753643152946958
84161018038945494,82753643152959747
84161018038389842,82753643152943599
84161018038385875,82753643152946958
84161018038386283,82753643152945860
84161018038498402,82753643152946958
84161018038496883,82753643152946563
84161018038400294,82753643152942626
84161018038483035,82753643152960536
84161018038334709,82753643152953067
84161018038392005,82753643152960536
84161018038333766,82753643152953067
84161018038371198,82753643152943599
84161018038378946,82753643152942626
84161018038334481,82753643152953067
84161018038419813,82753643152953067
84161018038343347,82753643152943599
84161018038471025,82753643152959747
84161018038389625,82753643152943599
84161018038492293,82753643152935714
84161018038396137,82753643152953067
84161018038450232,82753643152959747
84161018038356996,82753643152953067
84161018038454572,82753643152946958
84161018038473726,82753643152943599
84161018038347183,82753643152943599
84161018038341976,82753643152943599
84161018038357636,82753643152953067
84161018038384709,82753643152943599
84161018038334189,82753643152953067
84161018038094565,82753643152935714
84161018038535663,82753643152946958
84161018038094664,82753643152962842
84161018038356733,82753643152953067
84161018038337310,82753643152953067
84161018038490111,82753643152946958
84161018038344228,82753643152943599
84161018038974226,82753643152943599
84161018038932398,82753643152953067
84161018038357420,82753643152953067
84161018038393815,82753643152943599
84161018038357996,82753643152946958
84161018038495540,82753643152963074
84161018038537033,82753643152940662
84161018038332505,82753643152935714
84161018038547651,82753643152940662
84161018038399840,82753643152959033
84161018038376479,82753643152955699
84161018038341220,82753643152935714
84161018039032044,82753643152953067
84161018038341468,82753643152935714
84161018038871054,82753643152935249
84161018038340768,82753643152935714
84161018038387114,82753643152959747
84161018038872017,82753643152942587
84161018038509381,82753643152935714
84161018038400890,82753643152953067
84161018038931603,82753643152963074
84161018038544434,82753643152953067
84161018038492434,82753643152942626
84161018038480922,82753643152946958
84161018038932532,82753643152935714
84161018038474531,82753643152935714
84161018038093560,82753643152935714
84161018038385999,82753643152945860
84161018038093678,82753643152962842
84161018038932614,82753643152948182
84161018038495090,82753643152946958
84161018038399582,82753643152963074
84161018038351553,82753643152935714
84161018038475356,82753643152953067
84161018038379608,82753643152935714
84161018038377109,82753643152953067
84161018038353791,82753643152946958
84161018038481171,82753643152942626
84161018038495241,82753643152963074
84161018038419367,82753643152953067
84161018038490571,82753643152953067
84161018038404510,82753643152959747
84161018038410672,82753643152946958
84161018038448808,82753643152946958
84161018039033155,82753643152959747
84161018038362912,82753643152943599
84161018038371304,82753643152943599
84161018038534951,82753643152942626
84161018038374614,82753643152946958
84161018038576412,82753643152943599
84161018038353076,82753643152942626
84161018038492632,82753643152942626
84161018038452794,82753643152953067
84161018038403796,82753643152946958
84161018038490754,82753643152955699
84161018038990916,82753643152953067
84161018038499794,82753643152935714
84161018038374450,82753643152946958
84161018037953502,82753643152959747
84161018038553338,82753643152943599
84161018038384384,82753643152943599
84161018038474251,82753643152946958
84161018038941345,82753643152942626
84161018038401423,82753643152935714
84161018038553187,82753643152953067
84161018038362253,82753643152943599
84161018038492744,82753643152942626
84161018038941552,82753643152942626
84161018038470343,82753643152943599
84161018038552932,82753643152935714
84161018038397293,82753643152955645
84161018038540786,82753643152940662
84161018038941874,82753643152942626
84161018038364892,82753643152935714
84161018038397536,82753643152955645
84161018039033219,82753643152963074
84161018038495108,82753643152956204
84161018038943493,82753643152960536
84161018038365241,82753643152935714
84161018038950637,82753643152953067
84161018038404164,82753643152942626
84161018039001231,82753643152953067
84161018038561447,82753643152934781
84161018038488721,82753643152960536
84161018038488866,82753643152959747
84161018038365886,82753643152935714
84161018038949211,82753643152934855
84161018038492803,82753643152942626
84161018039002081,82753643152943599
84161018038561563,82753643152936977
84161018038363438,82753643152943599
84161018038408905,82753643152935714
84161018038949036,82753643152934855
84161018038562258,82753643152947300
84161018038564279,82753643152964092
84161018038449923,82753643152959747
84161018038543686,82753643152946958
84161018038577251,82753643152936977
84161018038358845,82753643152935714
84161018038483198,82753643152946958
84161018038565075,82753643152936977
84161018039002182,82753643152943599
84161018038353815,82753643152953067
84161018038893276,82753643152955645
84161018038332172,82753643152935714
84161018038948983,82753643152934855
84161018038333089,82753643152953067
84161018038493300,82753643152942626
84161018038456879,82753643152935714
84161018038364656,82753643152935714
84161018038486252,82753643152955699
84161018038498261,82753643152943599
84161018038480665,82753643152955699
84161018038366192,82753643152935714
84161018037829560,82753643152953067
84161018038874941,82753643152935714
84161018038500061,82753643152953067
84161018038948668,82753643152934855
84161018038569451,82753643152960940
84161018038401858,82753643152935714
84161018038366213,82753643152935714
84161018038955991,82753643152959747
84161018038359474,82753643152935714
84161018038492191,82753643152942626
84161018038956206,82753643152949607
84161018038480594,82753643152946958
84161018038569711,82753643152934781
84161018038457131,82753643152935714
84161018038560266,82753643152938708
84161018038956317,82753643152942626
84161018038379461,82753643152934855
84161018038394564,82753643152943599
84161018038956418,82753643152942626
84161018038569912,82753643152941534
84161018038371504,82753643152943599
84161018038956650,82753643152942626
84161018038445699,82753643152943599
84161018038480808,82753643152942626
84161018038361717,82753643152943599
84161018038956678,82753643152940107
84161018038346687,82753643152943599
84161018038960200,82753643152953067
84161018038458082,82753643152942626
84161018038471388,82753643152953067
84161018038957911,82753643152935714
84161018038961252,82753643152935714
84161018037904255,82753643152942626
84161018038485273,82753643152953067
84161018038407725,82753643152960536
84161018038330676,82753643152942626
84161018038403206,82753643152942626
84161018038394916,82753643152943599
84161018038961913,82753643152953067
84161018038938660,82753643152946563
84161018038540831,82753643152940662
84161018038338655,82753643152953067
84161018038470771,82753643152946958
84161018038456740,82753643152935714
84161018038410879,82753643152942626
84161018038879651,82753643152943599
84161018038966960,82753643152934781
84161018038379874,82753643152935714
84161018038966765,82753643152946958
84161018038458594,82753643152942626
84161018038967339,82753643152963074
84161018038454060,82753643152943599
84161018038968315,82753643152934781
84161018038484748,82753643152943599
84161018038968325,82753643152934781
84161018038968537,82753643152934781
84161018038968681,82753643152934781
84161018038879854,82753643152943599
84161018038490750,82753643152943599
84161018038345404,82753643152943599
84161018038954912,82753643152955645
84161018038384291,82753643152943599
84161018038394047,82753643152943599
84161018038447890,82753643152943599
84161018038419862,82753643152943599
84161018038494307,82753643152963074
84161018038367187,82753643152945860
84161018038541953,82753643152940691
84161018038932854,82753643152963074
84161018038895660,82753643152963074
84161018038895349,82753643152946958
84161018038352463,82753643152955699
84161018038932977,82753643152963074
84161018038542968,82753643152943599
84161018038481444,82753643152942626
84161018038918778,82753643152942626
84161018038362827,82753643152943599
84161018038500111,82753643152945860
84161018038880249,82753643152943599
84161018038458778,82753643152946958
84161018038480406,82753643152940662
84161018038362641,82753643152943599
84161018038551408,82753643152946958
84161018038895803,82753643152963074
84161018038367503,82753643152953067
84161018038919165,82753643152946563
84161018038378485,82753643152942626
84161018038493418,82753643152942626
84161018038371878,82753643152942626
84161018038486116,82753643152958909
84161018038349399,82753643152943599
84161018038487744,82753643152946958
84161018038931820,82753643152963074
84161018038931859,82753643152963074
84161018038368186,82753643152955699
84161018038537530,82753643152943599
84161018038553361,82753643152935714
84161018038372691,82753643152955699
84161018038488546,82753643152940662
84161018038918797,82753643152942626
84161018038869272,82753643152964092
84161018038490493,82753643152963074
84161018038482838,82753643152943599
84161018038871181,82753643152960940
84161018038375329,82753643152955699
84161018038342038,82753643152943599
84161018038458993,82753643152946958
84161018038400506,82753643152942626
84161018038375294,82753643152946958
84161018038383246,82753643152940691
84161018038874842,82753643152934781
84161018038329454,82753643152953067
84161018038544312,82753643152946958
84161018038456137,82753643152955699
84161018038482151,82753643152945860
84161018038548689,82753643152942626
84161018038332096,82753643152942626
84161018038444965,82753643152955699
84161018038444750,82753643152946958
84161018038491388,82753643152953067
84161018038933097,82753643152963074
84161018038352199,82753643152946958
84161018038941091,82753643152942626
84161018038470636,82753643152955645
84161018038941258,82753643152942626
84161018038476461,82753643152959747
84161018038398966,82753643152942626
84161018038554298,82753643152956204
84161018038391583,82753643152935714
84161018038534401,82753643152943599
84161018038329201,82753643152942626
84161018038941686,82753643152942626
84161018038941779,82753643152942626
84161018038351849,82753643152935714
84161018038395367,82753643152943599
84161018038491209,82753643152935714
84161018039032198,82753643152960536
84161018038331909,82753643152960536
84161018038297342,82753643152953067
84161018038390405,82753643152963074
84161018038897021,82753643152935714
84161018038483365,82753643152946958
84161018038497215,82753643152941898
84161018038895527,82753643152943599
84161018038551885,82753643152935714
84161018038484884,82753643152933353
84161018038942141,82753643152942626
84161018038497045,82753643152942587
84161018038491534,82753643152943599
84161018038403182,82753643152953067
84161018038942291,82753643152942626
84161018038561666,82753643152945686
84161018038452008,82753643152953067
84161018038535055,82753643152935714
84161018038354764,82753643152953067
84161018038562908,82753643152934781
84161018038358182,82753643152935714
84161018038457976,82753643152955699
84161018038330130,82753643152946958
84161018038563286,82753643152960940
84161018038401541,82753643152935714
84161018038328029,82753643152955645
84161018038348026,82753643152943599
84161018038446366,82753643152943599
84161018038487866,82753643152946958
84161018037903493,82753643152960692
84161018038405841,82753643152942626
84161018038388311,82753643152943599
84161018038942456,82753643152942626
84161018038942553,82753643152942626
84161018038354827,82753643152953067
84161018038942664,82753643152942626
84161018038301611,82753643152943599
84161018038448653,82753643152946958
84161018038551538,82753643152942626
84161018038536253,82753643152956204
84161018038945563,82753643152943599
84161018038330500,82753643152942626
84161018038359684,82753643152943599
84161018038456285,82753643152943599
84161018038566541,82753643152959747
84161018038945689,82753643152943599
84161018038394738,82753643152943599
84161018038451487,82753643152935714
84161018038380291,82753643152949607
84161018038486296,82753643152942626
84161018038372451,82753643152955699
84161018038369441,82753643152953067
84161018038420127,82753643152943599
84161018038945871,82753643152943599
84161018038479579,82753643152946958
84161018038498620,82753643152946958
84161018039017813,82753643152943599
84161018038405950,82753643152956204
84161018038446025,82753643152943599
84161018038501046,82753643152942626
84161018038338390,82753643152953067
84161018038327262,82753643152942626
84161018038894300,82753643152934781
84161018038393124,82753643152960536
84161018038380733,82753643152935714
84161018038535264,82753643152942626
84161018038450147,82753643152940662
84161018038360986,82753643152943599
84161018038336801,82753643152953067
84161018038538049,82753643152953067
84161018038538649,82753643152943599
84161018038357591,82753643152953067
84161018038387915,82753643152953067
84161018038380841,82753643152935714
84161018038455356,82753643152960536
84161018038452637,82753643152946563
84161018038570038,82753643152934781
84161018038446601,82753643152960536
84161018038355154,82753643152953067
84161018038486815,82753643152942626
84161018038329702,82753643152953067
84161018038400161,82753643152955699
84161018038473189,82753643152953067
84161018038511379,82753643152943599
84161018038458484,82753643152953067
84161018038878579,82753643152960536
84161018038576795,82753643152937470
84161018038547554,82753643152960536
84161018038395878,82753643152943599
84161018038334798,82753643152953067
84161018038512277,82753643152953067
84161018038537134,82753643152935714
84161018038880059,82753643152943599
84161018038365164,82753643152935714
84161018038338870,82753643152946958
84161018038351168,82753643152953067
84161018038489675,82753643152942626
84161018038373816,82753643152953067
84161018038380993,82753643152935714
84161018038895085,82753643152936977
84161018038403655,82753643152946958
84161018038354944,82753643152953067
84161018038510377,82753643152934855
84161018038341882,82753643152943599
84161018038896882,82753643152943599
84161018038897293,82753643152948267
84161018038350848,82753643152953067
84161018038547240,82753643152958909
84161018038400600,82753643152953067
84161018038337640,82753643152953067
84161018038488414,82753643152943599
84161018038882800,82753643152964092
84161018038535828,82753643152963074
84161018038510268,82753643152956204
84161018038474896,82753643152942626
84161018038369172,82753643152953067
84161018038498914,82753643152941898
84161018038933148,82753643152935714
84161018038340908,82753643152940691
84161018038431919,82753643152946958
84161018038494531,82753643152942626
84161018038390913,82753643152942626
84161018038551768,82753643152942626
84161018038561101,82753643152936977
84161018038387806,82753643152959747
84161018038474192,82753643152942626
84161018038350742,82753643152946958
84161018038539608,82753643152942626
84161018038495770,82753643152963074
84161018038942802,82753643152960536
84161018038330349,82753643152942626
84161018038535324,82753643152943599
84161018038481632,82753643152946958
84161018038450581,82753643152949607
84161018038447295,82753643152953067
84161018038534788,82753643152963074
84161018038498130,82753643152937470
84161018038897419,82753643152943967
84161018038345503,82753643152943599
84161018038942879,82753643152960536
84161018038457789,82753643152946958
84161018038538997,82753643152935714
84161018038374182,82753643152946958
84161018038550816,82753643152943599
84161018038391750,82753643152942626
84161018038540145,82753643152953067
84161018038537701,82753643152934855
84161018038501155,82753643152960536
84161018038355997,82753643152953067
84161018038869086,82753643152934781
84161018038347497,82753643152943599
84161018039032410,82753643152960536
84161018038343674,82753643152943599
84161018038376104,82753643152958909
84161018038500737,82753643152942626
84161018039032549,82753643152960536
84161018038510934,82753643152942626
84161018038501357,82753643152946958
84161018038537404,82753643152946958
84161018038485872,82753643152956204
84161018038376269,82753643152958909
84161018038521754,82753643152940691
84161018038457706,82753643152946958
84161018038547726,82753643152946958
84161018038497382,82753643152935714
84161018038497909,82753643152943599
84161018038451257,82753643152953067
84161018038974356,82753643152943599
84161018038547909,82753643152946958
84161018038336148,82753643152953067
84161018038509088,82753643152946958
84161018038549093,82753643152960536
84161018038789462,82753643152943967
84161018038869246,82753643152943967
84161018038792745,82753643152934781
84161018038457381,82753643152946958
84161018038396575,82753643152940691
84161018038946483,82753643152943599
84161018038869463,82753643152947300
84161018038547989,82753643152946958
84161018038383059,82753643152940691
84161018038369737,82753643152953067
84161018039033398,82753643152953067
84161018038511877,82753643152935714
84161018038541900,82753643152935714
84161018038481312,82753643152955699
84161018038353636,82753643152946958
84161018038946567,82753643152943599
84161018038328594,82753643152942626
84161018038870882,82753643152945686
84161018038488038,82753643152955699
84161018038398122,82753643152942626
84161018038974605,82753643152943599
84161018038397681,82753643152955645
84161018038974822,82753643152943599
84161018038559903,82753643152947656
84161018039018001,82753643152943599
84161018038561901,82753643152958511
84161018038419559,82753643152935714
84161018038576378,82753643152943599
84161018038795475,82753643152938708
84161018038947081,82753643152943599
84161018038407374,82753643152945860
84161018038538808,82753643152942626
84161018038563602,82753643152936977
84161018038334977,82753643152953067
84161018038299641,82753643152953067
84161018038947306,82753643152943599
84161018038446959,82753643152940662
84161018038537300,82753643152942626
84161018038341324,82753643152940691
84161018038395613,82753643152943599
84161018038566506,82753643152943967
84161018038379935,82753643152942587
84161018038455648,82753643152946958
84161018038543829,82753643152943599
84161018038919487,82753643152963074
84161018038333450,82753643152953067
84161018038450485,82753643152963074
84161018038947445,82753643152943599
84161018038876905,82753643152943599
84161018039018184,82753643152943599
84161018038348212,82753643152943599
84161018038538612,82753643152946958
84161018038384638,82753643152943599
84161018038895198,82753643152936977
84161018038337014,82753643152953067
84161018038335755,82753643152953067
84161018038872469,82753643152940691
84161018038947689,82753643152943599
84161018038479836,82753643152943599
84161018038342927,82753643152943599
84161018038572048,82753643152943599
84161018038508697,82753643152940662
84161018038548903,82753643152946958
84161018038335448,82753643152953067
84161018038340644,82753643152940691
84161018038339856,82753643152934855
84161018038348051,82753643152943599
84161018038470466,82753643152946958
84161018038947718,82753643152943599
84161018038334932,82753643152953067
84161018038346480,82753643152943599
84161018038396348,82753643152940691
84161018038400982,82753643152953067
84161018038396205,82753643152953067
84161018038360033,82753643152943599
84161018038475513,82753643152946958
84161018038349166,82753643152943599
84161018039000586,82753643152942626
84161018038974964,82753643152943599
84161018038341040,82753643152940691
84161018038887407,82753643152943599
84161018038334024,82753643152953067
84161018038948260,82753643152934855
84161018038535989,82753643152942626
84161018038396700,82753643152940691
84161018038498440,82753643152955699
84161018038574251,82753643152953067
84161018038400727,82753643152953067
84161018038575887,82753643152953067
84161018039001417,82753643152953067
84161018038588467,82753643152936977
84161018038333672,82753643152953067
84161018038382930,82753643152940691
84161018038332727,82753643152953067
84161018038409115,82753643152943599
84161018038589146,82753643152948182
84161018038336451,82753643152953067
84161018038398366,82753643152946958
84161018038370360,82753643152942626
84161018038346300,82753643152943599
84161018038337722,82753643152953067
84161018038458660,82753643152955699
84161018038336356,82753643152953067
84161018038552267,82753643152945860
84161018038485416,82753643152953067
84161018038405623,82753643152945860
84161018038332821,82753643152953067
84161018038356108,82753643152953067
84161018038352343,82753643152955699
84161018038356838,82753643152953067
84161018038335675,82753643152953067
84161018038481976,82753643152946958
84161018038356326,82753643152953067
84161018038334410,82753643152953067
84161018038369635,82753643152953067
84161018038370950,82753643152943599
84161018038337036,82753643152953067
84161018038449373,82753643152942626
84161018038536152,82753643152953067
84161018038550677,82753643152942626
84161018038897102,82753643152943967
84161018038471847,82753643152960536
84161018038459368,82753643152953067
84161018038876551,82753643152943599
84161018038553640,82753643152956204
84161018038478446,82753643152934855
84161018038543376,82753643152935714
84161018038474383,82753643152935714
84161018038521594,82753643152935714
84161018038329523,82753643152935714
84161018038367372,82753643152946958
84161018038382612,82753643152960536
84161018038543603,82753643152953067
84161018038471114,82753643152934855
84161018038872926,82753643152943599
84161018038472519,82753643152946958
84161018038872805,82753643152943599
84161018038349591,82753643152943599
84161018038375797,82753643152959747
84161018038403881,82753643152946958
84161018038406603,82753643152959747
84161018038975085,82753643152943599
84161018038407280,82753643152945860
84161018038336543,82753643152953067
84161018038444840,82753643152946958
84161018038869512,82753643152934781
84161018038872631,82753643152946958
84161018038406762,82753643152959747
84161018038375448,82753643152946958
84161018038337484,82753643152953067
84161018038975105,82753643152943599
84161018037829727,82753643152953067
84161018038496897,82753643152946958
84161018038407657,82753643152960536
84161018038544229,82753643152943599
84161018038408566,82753643152960536
84161018038894542,82753643152936977
84161018038479213,82753643152958165
84161018038366012,82753643152935714
84161018038371432,82753643152943599
84161018038472336,82753643152955699
84161018038988448,82753643152959747
84161018038489814,82753643152935714
84161018038445605,82753643152943599
84161018038353016,82753643152955699
84161018038553945,82753643152946958
84161018038894178,82753643152960536
84161018038966561,82753643152946958
84161018038554003,82753643152935714
84161018038548265,82753643152935714
84161018038934734,82753643152943599
84161018038396963,82753643152943599
84161018038328092,82753643152942626
84161018038445149,82753643152946958
84161018038483219,82753643152940691
84161018038561986,82753643152958511
84161018038409848,82753643152935714
84161018039018253,82753643152942626
84161018038399216,82753643152956204
84161018038478944,82753643152943599
84161018038476062,82753643152946958
84161018038420475,82753643152935714
84161018038564816,82753643152936977
84161018038890959,82753643152935714
84161018038363536,82753643152943599
84161018038946281,82753643152943599
84161018038346857,82753643152943599
84161018038387562,82753643152959747
84161018038943000,82753643152960536
84161018038369050,82753643152953067
84161018038343717,82753643152943599
84161018038298094,82753643152953067
84161018038566226,82753643152934781
84161018038943151,82753643152960536
84161018038483994,82753643152946958
84161018038364228,82753643152935714
84161018038943303,82753643152960536
84161018038359132,82753643152935714
84161018038355798,82753643152953067
84161018038948361,82753643152934855
84161018038449777,82753643152946958
84161018038378819,82753643152953067
84161018038569064,82753643152934781
84161018038714490,82753643152943967
84161018038569525,82753643152947300
84161018038389670,82753643152943599
84161018038955313,82753643152942626
84161018038455961,82753643152946958
84161018038388815,82753643152943599
84161018038484628,82753643152960536
84161018038482724,82753643152943599
84161018038887089,82753643152955699
84161018038948774,82753643152934855
84161018038332665,82753643152942626
84161018038454433,82753643152946958
84161018038879892,82753643152943599
84161018038383203,82753643152940691
84161018038540932,82753643152935714
84161018039033513,82753643152942587
84161018038340555,82753643152940691
84161018038484249,82753643152946958
84161018038385030,82753643152943599
84161018038459424,82753643152958909
84161018038892994,82753643152945860
84161018038471469,82753643152943599
84161018038893130,82753643152945860
84161018038389888,82753643152943599
84161018038976226,82753643152935714
84161018038976743,82753643152942626
84161018038976865,82753643152942626
84161018038480037,82753643152935714
84161018038385271,82753643152943599
84161018038907212,82753643152943599
84161018038494661,82753643152943599
84161018038490166,82753643152960536
84161018038395519,82753643152943599
84161018038342621,82753643152943599
84161018038338033,82753643152953067
84161018038550635,82753643152943599
84161018038365502,82753643152935714
84161018038335954,82753643152953067
84161018038346882,82753643152943599
84161018038337908,82753643152953067
84161018038328943,82753643152942626
84161018038357265,82753643152953067
84161018038576622,82753643152943599
84161018038487396,82753643152943599
84161018038342227,82753643152943599
84161018038551953,82753643152943599
84161018038445916,82753643152943599
84161018038485897,82753643152946958
84161018038338072,82753643152953067
84161018038361238,82753643152943599
84161018038335265,82753643152953067
84161018038344647,82753643152943599
84161018038456426,82753643152943599
84161018038347378,82753643152943599
84161018038345280,82753643152943599
84161018038509912,82753643152942626
84161018038344475,82753643152943599
84161018038876742,82753643152943599
84161018038511263,82753643152943599
84161018038344416,82753643152943599
84161018038378219,82753643152963074
84161018038356964,82753643152953067
84161018038380212,82753643152935714
84161018038473807,82753643152943599
84161018038343511,82753643152943599
84161018038335522,82753643152953067
84161018038560142,82753643152943599
84161018038377676,82753643152945860
84161018038477735,82753643152943599
84161018038358731,82753643152935714
84161018038370887,82753643152943599
84161018038892846,82753643152943599
84161018038364076,82753643152935714
84161018038386548,82753643152935714
84161018038389108,82753643152943599
84161018038409272,82753643152943599
84161018038393951,82753643152943599
84161018038365008,82753643152935714
84161018038353315,82753643152935714
84161018038388984,82753643152943599
84161018038384161,82753643152943599
84161018038918617,82753643152935714
84161018038346159,82753643152943599
84161018038364461,82753643152935714
84161018038540626,82753643152943599
84161018038549862,82753643152943599
84161018038494110,82753643152935714
84161018038362502,82753643152943599
84161018038547406,82753643152942626
84161018038340468,82753643152959747
84161018038472092,82753643152960536
84161018038392327,82753643152960536
84161018038331888,82753643152960536
84161018038472046,82753643152960536
84161018038471805,82753643152943599
84161018038331497,82753643152960536
84161018038446196,82753643152943599
84161018039017587,82753643152935714
84161018038457575,82753643152946958
84161018038331666,82753643152960536
84161018038496233,82753643152963074
84161018038536422,82753643152943599
84161018038452494,82753643152955699
84161018038352552,82753643152959747
84161018038388150,82753643152949607
84161018038496002,82753643152963074
84161018038354371,82753643152940662
84161018038988785,82753643152959747
84161018038392886,82753643152960536
84161018038495957,82753643152963074
84161018038354208,82753643152940662
84161018038878828,82753643152963709
84161018038353499,82753643152942626
84161018038375822,82753643152946958
84161018038894655,82753643152955990
84161018039017867,82753643152943599
84161018038331021,82753643152935714
84161018038373584,82753643152955699
84161018038341571,82753643152943599
84161018038940672,82753643152940691
84161018038975251,82753643152943599
84161018038975432,82753643152943599
84161018038871564,82753643152934781
84161018038718729,82753643152943967
84161018038887740,82753643152955699
84161018038548477,82753643152943599
84161018038367773,82753643152942626
84161018038375016,82753643152946958
84161018038931270,82753643152942626
84161018038851637,82753643152948182
84161018038489335,82753643152943599
84161018038943433,82753643152942626
84161018038359318,82753643152942626
84161018038348518,82753643152943599
84161018038975494,82753643152953067
84161018038907091,82753643152959747
84161018038390163,82753643152963074
84161018039019224,82753643152953067
84161018038360922,82753643152943599
84161018038357793,82753643152953067
84161018038367065,82753643152953067
84161018038473888,82753643152943599
84161018038949372,82753643152934855
84161018038390097,82753643152943599
84161018038459848,82753643152943599
84161018038372052,82753643152955699
84161018038328362,82753643152953067
84161018038949383,82753643152934855
84161018038949568,82753643152943599
84161018038951256,82753643152953067
84161018038951669,82753643152953067
84161018038459160,82753643152943599
84161018038351095,82753643152943967
84161018038975691,82753643152935714
84161018038949655,82753643152963074
84161018038360487,82753643152943599
84161018038954810,82753643152942626
84161018038391296,82753643152942626
84161018038476760,82753643152942626
84161018038975820,82753643152935714
84161018038332410,82753643152942626
84161018038955106,82753643152942626
84161018038955189,82753643152935714
84161018038976277,82753643152935714
84161018038976386,82753643152942626
84161018038955613,82753643152935714
84161018038332967,82753643152953067
84161018038990254,82753643152942626
84161018038351274,82753643152953067
84161018038955900,82753643152935714
84161018038976525,82753643152935714
84161018038370032,82753643152953067
84161018039019383,82753643152942626
84161018038940494,82753643152940691
84161018039019446,82753643152963074
84161018038540014,82753643152953067
84161018038369912,82753643152953067
84161018038955504,82753643152935714
84161018038484222,82753643152953067
84161018039000485,82753643152942626
84161018038538112,82753643152953067
84161018038907267,82753643152953067
84161018038938246,82753643152943599
84161018038368056,82753643152953067
84161018038937422,82753643152943599
84161018038936934,82753643152943599
84161018038939452,82753643152942626
84161018038971767,82753643152943599
84161018038936675,82753643152943599
84161018038934552,82753643152943599
84161018038947007,82753643152943599
84161018038936231,82753643152943599
84161018038935975,82753643152943599
84161018039004659,82753643152959747
84161018038935740,82753643152943599
84161018039005042,82753643152946958
84161018038935656,82753643152943599
84161018038935041,82753643152943599
84161018038934062,82753643152943599
84161018038934297,82753643152943599
84161018038933719,82753643152943599
84161018038934148,82753643152943599
84161018038933790,82753643152943599
84161018038933275,82753643152943599
84161018038933501,82753643152943599
84161018038960344,82753643152942587
84161018038960418,82753643152942626
84161018038962092,82753643152942626
84161018038962242,82753643152942626
84161018038938514,82753643152946563
84161018038962722,82753643152953067
84161018038962915,82753643152953067
84161018038963210,82753643152953067
84161018038963564,82753643152953067
84161018038964114,82753643152953067
84161018038964273,82753643152953067
84161018038964419,82753643152953067
84161018038964649,82753643152953067
84161018038964800,82753643152953067
84161018038964938,82753643152953067
84161018038965057,82753643152953067
84161018038965973,82753643152953067
84161018038966329,82753643152953067
84161018038967042,82753643152934781
84161018038960536,82753643152942626
84161018038967492,82753643152947300
84161018038935285,82753643152943599
84161018038934904,82753643152943599
84161018038969651,82753643152943599
84161018038969763,82753643152943599
84161018038948122,82753643152943599
84161018038970351,82753643152943599
84161018038970376,82753643152943599
84161018038946308,82753643152943599
84161018038970578,82753643152943599
84161018038970719,82753643152943599
84161018038970811,82753643152943599
84161018038970892,82753643152943599
84161018038971093,82753643152943599
84161018038971237,82753643152943599
84161018038971284,82753643152943599
84161018038971486,82753643152943599
84161018038938155,82753643152943599
84161018038971584,82753643152943599
84161018038946812,82753643152943599
84161018038933552,82753643152943599
84161018038971846,82753643152943599
84161018038971995,82753643152943599
84161018038970215,82753643152943599
84161018038972077,82753643152943599
84161018038972285,82753643152943599
84161018038972394,82753643152943599
84161018038972423,82753643152943599
84161018038972571,82753643152943599
84161018038972758,82753643152943599
84161018038972808,82753643152943599
84161018038887529,82753643152934781
84161018038593751,82753643152940422
84161018038880292,82753643152943599
84161018038794839,82753643152941135
84161018038894342,82753643152961281
84161018038883671,82753643152963005
84161018038988656,82753643152959747
84161018038487023,82753643152942626
84161018038885168,82753643152963879
84161018038365803,82753643152935714
84161018038363273,82753643152943599
84161018038540493,82753643152955699
84161018038405663,82753643152955699
84161018038368498,82753643152942626
84161018038907647,82753643152935714
84161018038419157,82753643152942626
84161018038482197,82753643152935714
84161018038351915,82753643152935714
84161018038887291,82753643152935714
84161018039032654,82753643152936977
84161018038474038,82753643152942626
84161018038351423,82753643152946958
84161018038870135,82753643152934781
84161018038458171,82753643152955699
84161018038419302,82753643152945860
84161018038870558,82753643152947300
84161018038409515,82753643152935714
84161018038404422,82753643152953067
84161018038496381,82753643152946958
84161018038475935,82753643152943599
84161018038935365,82753643152943599
84161018038945951,82753643152943599
84161018038387679,82753643152942626
84161018038378624,82753643152953067
84161018038330403,82753643152943599
84161018038294845,82753643152959747
84161018038560697,82753643152959747
84161018038372606,82753643152955699
84161018038963157,82753643152953067
84161018038935875,82753643152943599
84161018038540196,82753643152937470
84161018038380063,82753643152935714
84161018038363192,82753643152943599
84161018038403047,82753643152955699
84161018038383859,82753643152943599
84161018038402573,82753643152963074
84161018038327712,82753643152955645
84161018038330796,82753643152942626
84161018038394803,82753643152943599
84161018038935478,82753643152943599
84161018039031694,82753643152935714
84161018038451359,82753643152935714
84161018038343865,82753643152943599
84161018038391154,82753643152942626
84161018038936386,82753643152943599
84161018038390683,82753643152942587
84161018038345782,82753643152943599
84161018038937298,82753643152943599
84161018038936808,82753643152943599
84161018038894834,82753643152944568
84161018038937045,82753643152943599
84161018038549535,82753643152959747
84161018038937182,82753643152943599
84161018038947565,82753643152943599
84161018038937579,82753643152943599
84161018038351711,82753643152953067
84161018038937619,82753643152943599
84161018038385408,82753643152959747
84161018038937742,82753643152943599
84161018038781886,82753643152943967
84161018038937981,82753643152943599
84161018038362093,82753643152943599
84161018038899189,82753643152943967
84161018039002523,82753643152953067
84161018038348666,82753643152943599
84161018038363033,82753643152943599
84161018038943650,82753643152942626
84161018038977048,82753643152937470
84161018038549752,82753643152946958
84161018038450399,82753643152959747
84161018038410186,82753643152953067
84161018038950699,82753643152953067
84161018038366495,82753643152959747
84161018038950977,82753643152953067
84161018038951384,82753643152953067
84161018038360145,82753643152943599
84161018038951509,82753643152953067
84161018038549312,82753643152943599
84161018038951885,82753643152942626
84161018038936075,82753643152943599
84161018038956124,82753643152946563
84161018038952220,82753643152943599
84161018038952385,82753643152943599
84161018038952462,82753643152943599
84161018038952639,82753643152943599
84161018038952791,82753643152943599
84161018038952833,82753643152943599
84161018038952991,82753643152943599
84161018038953137,82753643152943599
84161018038953246,82753643152943599
84161018038953345,82753643152943599
84161018038953513,82753643152943599
84161018038953643,82753643152943599
84161018038396456,82753643152940691
84161018038954099,82753643152943599
84161018038954170,82753643152943599
84161018038954359,82753643152943599
84161018038954489,82753643152943599
84161018039003115,82753643152959747
84161018038478278,82753643152960536
84161018039003141,82753643152959747
84161018038977588,82753643152953067
84161018039003956,82753643152959033
84161018038977698,82753643152959747
84161018038977802,82753643152953067
84161018038382089,82753643152960536
84161018038977995,82753643152953067
84161018038978147,82753643152953067
84161018038978218,82753643152953067
84161018038488672,82753643152960536
84161018039004249,82753643152943599
84161018038392803,82753643152960536
84161018038382583,82753643152960536
84161018038381310,82753643152960536
84161018038957115,82753643152935714
84161018038407907,82753643152960536
84161018038408631,82753643152960536
84161018038957365,82753643152935714
84161018038478207,82753643152960536
84161018038957533,82753643152935714
84161018038381854,82753643152960536
84161018038957695,82753643152935714
84161018038381955,82753643152960536
84161018038957751,82753643152935714
84161018038451910,82753643152960536
84161018039004693,82753643152953067
84161018038408257,82753643152960536
84161018038958024,82753643152935714
84161018038381742,82753643152960536
84161018038958192,82753643152935714
84161018038958350,82753643152935714
84161018038958584,82753643152935714
84161018038958611,82753643152935714
84161018038958798,82753643152935714
84161018038958891,82753643152935714
84161018038959103,82753643152935714
84161018038959111,82753643152935714
84161018039005102,82753643152938708
84161018039005271,82753643152963300
84161018038959501,82753643152942626
84161018038959688,82753643152942626
84161018038959746,82753643152942626
84161018038959937,82753643152953067
84161018038960910,82753643152963074
84161018038966835,82753643152936977
84161018038445210,82753643152946958
84161018038960023,82753643152935714
84161018038961130,82753643152935714
84161018038961436,82753643152953067
84161018038967654,82753643152935714
84161018038967785,82753643152935714
84161018038967920,82753643152935714
84161018038967955,82753643152935714
84161018038968761,82753643152953067
84161018038954698,82753643152955645
84161018038969207,82753643152943599
84161018038952057,82753643152943599
84161018038969251,82753643152943599
84161018038946855,82753643152943599
84161018038938051,82753643152943599
84161018038969356,82753643152943599
84161018038969500,82753643152943599
84161018038933992,82753643152943599
84161018038953738,82753643152943599
84161018038969964,82753643152943599
84161018038970018,82753643152943599
84161018038952144,82753643152943599
84161018039032724,82753643152946958
84161018038977194,82753643152953067
84161018038957257,82753643152935714
84161018039000800,82753643152943599
84161018039018429,82753643152943599
84161018038990382,82753643152935714
84161018039001478,82753643152943599
84161018039001643,82753643152943599
84161018039002373,82753643152936977
84161018038978460,82753643152953067
84161018038978768,82753643152953067
84161018038978835,82753643152953067
84161018039003759,82753643152942626
84161018038979168,82753643152935714
84161018038979283,82753643152953067
84161018039018530,82753643152943599
84161018038979472,82753643152940662
84161018038979622,82753643152953067
84161018038979735,82753643152953067
84161018039003271,82753643152942626
84161018039003511,82753643152942626
84161018039003644,82753643152942626
84161018039018728,82753643152943599
84161018039018764,82753643152943599
84161018039004050,82753643152949607
84161018038960851,82753643152959747
84161018038940964,82753643152942626
84161018039011749,82753643152942626
84161018039005385,82753643152936977
84161018039017711,82753643152943599
84161018038990752,82753643152942626
84161018038979920,82753643152935714
84161018038979968,82753643152942626
84161018038980220,82753643152942626
84161018038980240,82753643152945860
84161018038980469,82753643152935714
84161018038980572,82753643152953067
84161018039019545,82753643152940691
84161018038980855,82753643152945860
84161018038993809,82753643152942626
84161018038981010,82753643152953067
84161018038981143,82753643152953067
84161018038981254,82753643152953067
84161018039005613,82753643152934855
84161018038981437,82753643152955699
84161018038981543,82753643152955699
84161018038981692,82753643152942626
84161018038981865,82753643152942626
84161018038981963,82753643152955699
84161018038982137,82753643152955699
84161018039006025,82753643152936977
84161018038982484,82753643152955699
84161018038960690,82753643152942626
84161018039006797,82753643152945860
84161018039006850,82753643152945860
84161018039007222,82753643152945860
84161018038932156,82753643152935714
84161018039007373,82753643152959747
84161018038982256,82753643152955699
84161018039007615,82753643152955355
84161018038982854,82753643152934781
84161018038982922,82753643152955699
84161018038983157,82753643152955699
84161018038983192,82753643152955699
84161018039007255,82753643152945860
84161018038982554,82753643152955699
84161018038983659,82753643152947300
84161018039008089,82753643152961281
84161018039008194,82753643152961281
84161018038983551,82753643152959747
84161018038983742,82753643152955699
84161018038983907,82753643152946958
84161018038983985,82753643152946958
84161018038984149,82753643152946958
84161018038984212,82753643152942626
84161018038984374,82753643152942626
84161018038984454,82753643152946958
84161018039009964,82753643152942408
84161018039010388,82753643152937295
84161018038984716,82753643152940107
84161018039010486,82753643152934781
84161018038976071,82753643152935714
84161018038982698,82753643152955699
84161018039010830,82753643152958511
84161018039010957,82753643152953440
84161018039011165,82753643152936977
84161018039011293,82753643152947300
84161018038985006,82753643152935714
84161018038985183,82753643152935714
84161018038985341,82753643152935714
84161018038985392,82753643152935714
84161018038985551,82753643152935714
84161018038985837,82753643152953067
84161018038986043,82753643152955699
84161018038986231,82753643152942626
84161018039011915,82753643152942626
84161018039011976,82753643152956204
84161018038986464,82753643152955699
84161018038986523,82753643152935714
84161018039006418,82753643152959747
84161018038939314,82753643152942626
84161018039012392,82753643152935714
84161018038987077,82753643152943599
84161018038987220,82753643152943599
84161018038987289,82753643152943599
84161018038987479,82753643152943599
84161018038987527,82753643152943599
84161018038987732,82753643152943599
84161018038987893,82753643152943599
84161018038987990,82753643152943599
84161018038988128,82753643152943599
84161018038988260,82753643152943599
84161018039012532,82753643152935714
84161018039012685,82753643152935714
84161018039012770,82753643152946958
84161018038946125,82753643152943599
84161018038948003,82753643152943599
84161018038934491,82753643152943599
84161018038953937,82753643152943599
84161018038943900,82753643152935714
84161018038975976,82753643152935714
84161018038959359,82753643152935714
84161018038989304,82753643152942626
84161018038968164,82753643152942626
84161018038989346,82753643152955645
84161018038983381,82753643152958909
84161018038989632,82753643152953067
84161018038955708,82753643152935714
84161018038980712,82753643152953067
84161018038989801,82753643152942626
84161018038989921,82753643152942626
84161018038990073,82753643152946958
84161018038990180,82753643152959747
84161018038990468,82753643152942626
84161018038990711,82753643152942626
84161018038991011,82753643152953067
84161018038991140,82753643152953067
84161018038991302,82753643152953067
84161018038991422,82753643152953067
84161018038991742,82753643152953067
84161018038991849,82753643152953067
84161018038992138,82753643152942626
84161018038992266,82753643152942626
84161018038992408,82753643152942626
84161018038992637,82753643152942626
84161018038992746,82753643152942626
84161018038992794,82753643152942626
84161018038992933,82753643152942626
84161018038993137,82753643152942626
84161018038993215,82753643152942626
84161018038993970,82753643152946958
84161018038994145,82753643152946958
84161018038994252,82753643152946958
84161018038994375,82753643152946958
84161018038994526,82753643152945602
84161018038977399,82753643152953067
84161018038991916,82753643152953067
84161018038962435,82753643152953067
84161018038992087,82753643152953067
84161018039000849,82753643152943599
84161018039001047,82753643152943599
84161018039032946,82753643152946958
84161018039001153,82753643152943599
84161018038986867,82753643152942626
84161018039001841,82753643152942626
84161018038986892,82753643152942626
84161018039018971,82753643152934855
84161018039019117,82753643152934855
84161018039033084,82753643152940691
84161018038993626,82753643152940662
84161018038948511,82753643152934855
84161018038993683,82753643152940662
84161018039002686,82753643152942626
84161018038982303,82753643152955699
84161018038994749,82753643152953067
84161018038994835,82753643152953067
84161018038994986,82753643152953067
84161018038995122,82753643152953067
84161018038995440,82753643152935714
84161018038995457,82753643152942626
84161018038995701,82753643152942626
84161018039002284,82753643152934855
84161018038974581,82753643152943599
84161018039002954,82753643152943599
84161018038984654,82753643152946958
84161018038995896,82753643152946958
84161018039020544,82753643152953067
84161018038995779,82753643152942626
84161018038996187,82753643152953067
84161018038996295,82753643152953067
84161018038996423,82753643152946958
84161018038940154,82753643152940691
84161018038996842,82753643152940691
84161018038996971,82753643152940691
84161018038997063,82753643152940691
84161018038997129,82753643152940691
84161018038997304,82753643152940691
84161018038997474,82753643152940691
84161018038997536,82753643152960536
84161018038997689,82753643152960536
84161018038997843,82753643152960536
84161018038997962,82753643152960536
84161018038998103,82753643152960536
84161018038998226,82753643152960536
84161018038998309,82753643152960536
84161018038998472,82753643152960536
84161018038998547,82753643152960536
84161018038998772,82753643152960536
84161018038998878,82753643152960536
84161018038998934,82753643152960536
84161018038999111,82753643152960536
84161018038999213,82753643152960536
84161018038999416,82753643152960536
84161018038999474,82753643152960536
84161018038999646,82753643152960536
84161018038999784,82753643152960536
84161018038999916,82753643152960536
84161018038999965,82753643152960536
84161018039000087,82753643152960536
84161018038932300,82753643152953067
84161018039000305,82753643152946958
84161018039000428,82753643152946958
84161018039016494,82753643152935714
84161018039020736,82753643152936977
84161018038958297,82753643152935714
84161018039020828,82753643152955699
84161018039021035,82753643152955699
84161018039021125,82753643152955699
84161018039005496,82753643152936977
84161018039002850,82753643152959747
84161018038995266,82753643152953067
84161018038985963,82753643152959747
84161018039004846,82753643152953067
84161018039021263,82753643152942626
84161018039005702,82753643152938708
84161018039005869,82753643152938708
84161018039006566,82753643152959747
84161018039006633,82753643152945686
84161018039007073,82753643152945860
84161018038996509,82753643152946958
84161018039007660,82753643152942626
84161018039007807,82753643152943967
84161018039007930,82753643152958511
84161018039021557,82753643152946958
84161018038996016,82753643152946958
84161018039021764,82753643152955699
84161018039021855,82753643152955699
84161018039009206,82753643152964092
84161018039010142,82753643152955355
84161018039022768,82753643152955699
84161018038962400,82753643152955699
84161018039023012,82753643152934781
84161018039023142,82753643152943599
84161018039006244,82753643152953067
84161018039023295,82753643152943599
84161018039023448,82753643152943599
84161018039023602,82753643152943599
84161018039023655,82753643152942626
84161018039023830,82753643152942626
84161018039023967,82753643152945860
84161018039010268,82753643152953067
84161018039010579,82753643152934781
84161018039010778,82753643152942408
84161018039006103,82753643152955645
84161018039003869,82753643152959747
84161018038967264,82753643152963074
84161018038934960,82753643152943599
84161018039024353,82753643152945860
84161018039011356,82753643152943599
84161018039011578,82753643152943599
84161018039011600,82753643152942626
84161018039012253,82753643152953067
84161018039012163,82753643152942626
84161018039022942,82753643152955699
84161018039013060,82753643152959747
84161018039013181,82753643152959747
84161018039024186,82753643152946958
84161018038979039,82753643152953067
84161018039014069,82753643152964092
84161018039014247,82753643152942626
84161018039014288,82753643152942626
84161018039014442,82753643152934606
84161018039014638,82753643152964092
84161018039014682,82753643152935714
84161018038961700,82753643152953067
84161018038973809,82753643152953067
84161018038961637,82753643152953067
84161018039024513,82753643152940662
84161018038979401,82753643152953067
84161018039014990,82753643152943599
84161018039015191,82753643152935714
84161018039021433,82753643152946958
84161018038980910,82753643152960692
84161018038988904,82753643152955645
84161018039015065,82753643152943599
84161018039024715,82753643152940662
84161018039024887,82753643152955699
84161018039015297,82753643152958909
84161018039015460,82753643152940662
84161018038993329,82753643152940662
84161018039024441,82753643152955699
84161018038988349,82753643152935714
84161018036724231,82753643152935714
84161018039024963,82753643152955699
84161018038996707,82753643152958165
84161018038959373,82753643152935714
84161018038963793,82753643152953067
84161018039016391,82753643152935714
84161018039016646,82753643152935714
84161018039016820,82753643152935714
84161018039016833,82753643152942626
84161018039017048,82753643152942626
84161018038984859,82753643152935714
84161018039031346,82753643152935714
84161018039025109,82753643152945860
84161018039025220,82753643152945860
84161018038968838,82753643152958165
84161018039004292,82753643152946958
84161018038965394,82753643152953067
84161018038965137,82753643152953067
84161018038986267,82753643152955699
84161018038965531,82753643152953067
84161018038966131,82753643152953067
84161018038961356,82753643152953067
84161018038962995,82753643152953067
84161018038966463,82753643152953067
84161018038966234,82753643152953067
84161018038963982,82753643152953067
84161018038964516,82753643152953067
84161018038965643,82753643152953067
84161018038978629,82753643152953067
84161018038978412,82753643152953067
84161018038963618,82753643152953067
84161018038963863,82753643152953067
84161018038977421,82753643152953067
84161018038963439,82753643152953067
84161018039012943,82753643152935714
84161018039025381,82753643152953067
84161018038965313,82753643152953067
84161018038991584,82753643152953067
84161018039025490,82753643152953067
84161018039025561,82753643152953067
84161018038986631,82753643152958165
84161018039014815,82753643152946958
84161018039021620,82753643152946958
84161018039025664,82753643152953067
84161018039025922,82753643152958909
84161018039026141,82753643152958909
84161018039026208,82753643152958909
84161018039026383,82753643152946563
84161018039026494,82753643152942626
84161018038962630,82753643152953067
84161018039026652,82753643152935714
84161018039026698,82753643152935714
84161018039026930,82753643152935714
84161018039026985,82753643152955699
84161018039027072,82753643152942626
84161018038956928,82753643152935714
84161018038965837,82753643152953067
84161018038936551,82753643152943599
84161018038942003,82753643152942626
84161018039027445,82753643152943599
84161018039027502,82753643152955699
84161018039027584,82753643152955699
84161018039027825,82753643152935714
84161018039027841,82753643152964092
84161018039028051,82753643152946224
84161018039028184,82753643152943967
84161018039028275,82753643152943967
84161018039028379,82753643152947300
84161018039028641,82753643152960940
84161018039028782,82753643152941534
84161018039028942,82753643152935066
84161018039029054,82753643152947300
84161018039029127,82753643152935431
84161018039029289,82753643152941135
84161018039029394,82753643152943967
84161018039029531,82753643152959747
84161018039029674,82753643152946958
84161018039029804,82753643152946958
84161018039025914,82753643152958909
84161018038994623,82753643152943967
84161018038956836,82753643152945860
84161018038938405,82753643152953067
84161018039027230,82753643152955699
84161018039028508,82753643152955699
84161018038993424,82753643152953067
84161018038951695,82753643152953067
84161018039029952,82753643152953067
84161018038951046,82753643152953067
84161018038950833,82753643152953067
84161018038950498,82753643152953067
84161018039030049,82753643152963074
84161018039030260,82753643152959747
84161018038976917,82753643152956204
84161018038989458,82753643152956204
84161018039030313,82753643152935714
84161018039030464,82753643152959747
84161018039030609,82753643152964092
84161018039030690,82753643152959747
84161018038985691,82753643152935714
84161018038940819,82753643152942626
84161018039030842,82753643152935714
84161018039020518,82753643152946958
84161018039030953,82753643152953067
84161018039031052,82753643152934855
84161018039031202,82753643152946958
84161018039004478,82753643152959747
84161018039031448,82753643152946958
84161018039031641,82753643152935714
84161018039024098,82753643152946958
84161018038969013,82753643152959747
84161018038962012,82753643152953067
84161018038989122,82753643152962842
