warehouseconfiguration$daywindowid,warehouseconfiguration$bookingwindowid
59391220085961396,33495522228581086
59391220085961485,33495522228581086
59391220085961620,33495522228581086
59391220085961736,33495522228581086
59391220085961940,33495522228581086
59391220085962084,33495522228581086
59391220085962162,33495522228581086
59391220085963151,33495522228581133
59391220085963383,33495522228581133
59391220085963400,33495522228581133
59391220085963568,33495522228581133
59391220085963726,33495522228581133
59391220085963901,33495522228581133
59391220085963999,33495522228581133
59391220085968610,33495522228581589
59391220085968682,33495522228581589
59391220085968851,33495522228581589
59391220085968941,33495522228581589
59391220085969050,33495522228581589
59391220085969179,33495522228581589
59391220085969297,33495522228581589
59391220085970325,33495522228581652
59391220085970513,33495522228581652
59391220085970673,33495522228581652
59391220085970813,33495522228581652
59391220085970858,33495522228581652
59391220085971041,33495522228581652
59391220085971140,33495522228581652
59391220085972170,33495522228581836
59391220085972324,33495522228581836
59391220085972392,33495522228581836
59391220085972528,33495522228581836
59391220085972690,33495522228581836
59391220085972758,33495522228581836
59391220085972893,33495522228581836
59391220085987014,33495522228606603
59391220085987116,33495522228606603
59391220085987309,33495522228606603
59391220085987429,33495522228606603
59391220085987580,33495522228606603
59391220085987651,33495522228606603
59391220085987796,33495522228606603
59391220085999745,33495522228619486
59391220085999941,33495522228619486
59391220086000039,33495522228619486
59391220086000245,33495522228619486
59391220086000335,33495522228619486
59391220086000399,33495522228619486
59391220086000543,33495522228619486
59391220086029012,33495522228632480
59391220086029076,33495522228632480
59391220086029282,33495522228632480
59391220086029345,33495522228632480
59391220086029531,33495522228632480
59391220086029682,33495522228632480
59391220086029705,33495522228632480
59391220086030840,33495522228632664
59391220086030882,33495522228632664
59391220086031021,33495522228632664
59391220086031109,33495522228632664
59391220086031327,33495522228632664
59391220086031452,33495522228632664
59391220086031501,33495522228632664
59391220086041046,33495522228645219
59391220086041129,33495522228645219
59391220086041274,33495522228645219
59391220086041355,33495522228645219
59391220086041588,33495522228645219
59391220086041668,33495522228645219
59391220086041809,33495522228645219
